<?xml version="1.0" encoding="UTF-8"?>
<resourcecollection name="2011.08.05 v1.1 Aspose.OCR.Resouces">
<resource name="CharMap-BigAlphabet" type="ZipStream" filename="CharMap-BigAlphabet.zip" />
<resource name="CharMap-Digits" type="ZipStream" filename="CharMap-Digits.zip" />
<resource name="CharMap-SmallAlphabet" type="ZipStream" filename="CharMap-SmallAlphabet.zip" />
<resource name="CharMap-SpecSymbols" type="ZipStream" filename="CharMap-SpecSymbols.zip" />
<resource name="Network_12netsFS_Arial_BigAlphabet_52x52_32pt_390-26_v2" type="BinaryStream" filename="Network_12netsFS_Arial_BigAlphabet_52x52_32pt_390-26_v2.bin" />
<resource name="Network_12netsFS_Arial_SmallAlphabet_52x52_32pt_390-26_v1" type="BinaryStream" filename="Network_12netsFS_Arial_SmallAlphabet_52x52_32pt_390-26_v1.bin" />
<resource name="Network_12netsFS_Courier_BigAlphabet_52x52_32pt_390-26_v1" type="BinaryStream" filename="Network_12netsFS_Courier_BigAlphabet_52x52_32pt_390-26_v1.bin" />
<resource name="Network_12netsFS_Courier_Digits_52x52_32pt_150-10_v1" type="BinaryStream" filename="Network_12netsFS_Courier_Digits_52x52_32pt_150-10_v1.bin" />
<resource name="Network_12netsFS_Courier_SmallAlphabet_52x52_32pt_390-26_v1" type="BinaryStream" filename="Network_12netsFS_Courier_SmallAlphabet_52x52_32pt_390-26_v1.bin" />
<resource name="Network_12netsFS_Courier_SpecSymbols_52x52_32pt_345-23_v1" type="BinaryStream" filename="Network_12netsFS_Courier_SpecSymbols_52x52_32pt_345-23_v1.bin" />
<resource name="Network_12netsFS_Times_BigAlphabet_52x52_32pt_390-26_v1" type="BinaryStream" filename="Network_12netsFS_Times_BigAlphabet_52x52_32pt_390-26_v1.bin" />
<resource name="Network_12netsFS_Times_Digits_52x52_32pt_150-10_v1" type="BinaryStream" filename="Network_12netsFS_Times_Digits_52x52_32pt_150-10_v1.bin" />
<resource name="Network_12netsFS_Times_SmallAlphabet_52x52_32pt_390-26_v1" type="BinaryStream" filename="Network_12netsFS_Times_SmallAlphabet_52x52_32pt_390-26_v1.bin" />
<resource name="Network_12netsFS_Times_SpecSymbols_52x52_32pt_345-23_v1" type="BinaryStream" filename="Network_12netsFS_Times_SpecSymbols_52x52_32pt_345-23_v1.bin" />
<resource name="Network_12netsFS_Arial_Digits_52x52_32pt_150-10_v1" type="BinaryStream" filename="Network_12netsFS_Arial_Digits_52x52_32pt_150-10_v1.bin" />
<resource name="Network_12netsFS_Arial_SpecSymbols_52x52_32pt_345-23_v1" type="BinaryStream" filename="Network_12netsFS_Arial_SpecSymbols_52x52_32pt_345-23_v1.bin" />
<resource name="font" type="ZipStream" filename="font.zip" />
<resource name="Network_12netsFS_Arial_BigAlphabetRus_52x52_32pt_363-33_v1" type="BinaryStream" filename="Network_12netsFS_Arial_BigAlphabetRus_52x52_32pt_363-33_v1.bin" />
<resource name="Network_12netsFS_Arial_SmallAlphabetRus_52x52_32pt_363-33_v1" type="BinaryStream" filename="Network_12netsFS_Arial_SmallAlphabetRus_52x52_32pt_363-33_v1.bin" />
<resource name="Network_12netsFS_Courier_BigAlphabetRus_52x52_32pt_363-33_v1" type="BinaryStream" filename="Network_12netsFS_Courier_BigAlphabetRus_52x52_32pt_363-33_v1.bin" />
<resource name="Network_12netsFS_Courier_SmallAlphabetRus_52x52_32pt_363-33_v1" type="BinaryStream" filename="Network_12netsFS_Courier_SmallAlphabetRus_52x52_32pt_363-33_v1.bin" />
<resource name="Network_12netsFS_Times_BigAlphabetRus_52x52_32pt_363-33_v1" type="BinaryStream" filename="Network_12netsFS_Times_BigAlphabetRus_52x52_32pt_363-33_v1.bin" />
<resource name="Network_12netsFS_Times_SmallAlphabetRus_52x52_32pt_363-33_v1" type="BinaryStream" filename="Network_12netsFS_Times_SmallAlphabetRus_52x52_32pt_363-33_v1.bin" />
<resource name="CharMap-BigAlphabetRus" type="ZipStream" filename="CharMap-BigAlphabetRus.zip" />
<resource name="CharMap-SmallAlphabetRus" type="ZipStream" filename="CharMap-SmallAlphabetRus.zip" />
<resource name="EnglishWords" type="ZipStream" filename="EnglishWords.zip" />
<resource name="DefEngDict" type="BinaryStream" filename="DefEngDict.bin" />
<resource name="DefRusDict" type="BinaryStream" filename="DefRusDict.bin" />
<resource name="EngStandarts32pt" type="BinaryStream" filename="EngStandarts32pt.bin" />
<resource name="RusStandarts32pt" type="BinaryStream" filename="RusStandarts32pt.bin" />
<resource name="RusStandarts16pt" type="BinaryStream" filename="RusStandarts16pt.bin" />
<resource name="RusStandarts8pt" type="BinaryStream" filename="RusStandarts8pt.bin" />
<resource name="Network_12netsFS_Arial_BigAlphabet_29x29_16pt_390-26_v1" type="BinaryStream" filename="Network_12netsFS_Arial_BigAlphabet_29x29_16pt_390-26_v1.bin" />
<resource name="Network_12netsFS_Arial_Digits_29x29_16pt_150-10_v1" type="BinaryStream" filename="Network_12netsFS_Arial_Digits_29x29_16pt_150-10_v1.bin" />
<resource name="Network_12netsFS_Arial_SmallAlphabet_29x29_16pt_390-26_v1" type="BinaryStream" filename="Network_12netsFS_Arial_SmallAlphabet_29x29_16pt_390-26_v1.bin" />
<resource name="Network_12netsFS_Arial_SpecSymbols_29x29_16pt_345-23_v1" type="BinaryStream" filename="Network_12netsFS_Arial_SpecSymbols_29x29_16pt_345-23_v1.bin" />
<resource name="Network_12netsFS_Courier_BigAlphabet_29x29_16pt_780-26_v1" type="BinaryStream" filename="Network_12netsFS_Courier_BigAlphabet_29x29_16pt_780-26_v1.bin" />
<resource name="Network_12netsFS_Courier_Digits_29x29_16pt_300-10_v1" type="BinaryStream" filename="Network_12netsFS_Courier_Digits_29x29_16pt_300-10_v1.bin" />
<resource name="Network_12netsFS_Courier_SmallAlphabet_29x29_16pt_390-26_v1" type="BinaryStream" filename="Network_12netsFS_Courier_SmallAlphabet_29x29_16pt_390-26_v1.bin" />
<resource name="Network_12netsFS_Courier_SpecSymbols_29x29_16pt_690-23_v1" type="BinaryStream" filename="Network_12netsFS_Courier_SpecSymbols_29x29_16pt_690-23_v1.bin" />
<resource name="Network_12netsFS_Times_BigAlphabet_29x29_16pt_390-26_v1" type="BinaryStream" filename="Network_12netsFS_Times_BigAlphabet_29x29_16pt_390-26_v1.bin" />
<resource name="Network_12netsFS_Times_Digits_29x29_16pt_300-10_v1" type="BinaryStream" filename="Network_12netsFS_Times_Digits_29x29_16pt_300-10_v1.bin" />
<resource name="Network_12netsFS_Times_SmallAlphabet_29x29_16pt_390-26_v1" type="BinaryStream" filename="Network_12netsFS_Times_SmallAlphabet_29x29_16pt_390-26_v1.bin" />
<resource name="Network_12netsFS_Times_SpecSymbols_29x29_16pt_690-23_v1" type="BinaryStream" filename="Network_12netsFS_Times_SpecSymbols_29x29_16pt_690-23_v1.bin" />
<resource name="EngStandarts16pt" type="BinaryStream" filename="EngStandarts16pt.bin" />
<resource name="Network_12netsFS_Arial_BigAlphabet_18x18_8pt_468-26_v4L" type="BinaryStream" filename="Network_12netsFS_Arial_BigAlphabet_18x18_8pt_468-26_v4L.bin" />
<resource name="Network_12netsFS_Arial_Digits_18x18_8pt_180-10_v1L" type="BinaryStream" filename="Network_12netsFS_Arial_Digits_18x18_8pt_180-10_v1L.bin" />
<resource name="Network_12netsFS_Arial_SmallAlphabet_18x18_8pt_468-26_v1L" type="BinaryStream" filename="Network_12netsFS_Arial_SmallAlphabet_18x18_8pt_468-26_v1L.bin" />
<resource name="Network_12netsFS_Arial_SpecSymbols_18x18_8pt_414-23_v1L" type="BinaryStream" filename="Network_12netsFS_Arial_SpecSymbols_18x18_8pt_414-23_v1L.bin" />
<resource name="Network_12netsFS_Courier_BigAlphabet_18x18_8pt_468-26_v1L" type="BinaryStream" filename="Network_12netsFS_Courier_BigAlphabet_18x18_8pt_468-26_v1L.bin" />
<resource name="Network_12netsFS_Courier_Digits_18x18_8pt_180-10_v1L" type="BinaryStream" filename="Network_12netsFS_Courier_Digits_18x18_8pt_180-10_v1L.bin" />
<resource name="Network_12netsFS_Courier_SmallAlphabet_18x18_8pt_468-26_v1L" type="BinaryStream" filename="Network_12netsFS_Courier_SmallAlphabet_18x18_8pt_468-26_v1L.bin" />
<resource name="Network_12netsFS_Courier_SpecSymbols_18x18_8pt_414-23_v1L" type="BinaryStream" filename="Network_12netsFS_Courier_SpecSymbols_18x18_8pt_414-23_v1L.bin" />
<resource name="Network_12netsFS_Times_BigAlphabet_18x18_8pt_468-26_v1L" type="BinaryStream" filename="Network_12netsFS_Times_BigAlphabet_18x18_8pt_468-26_v1L.bin" />
<resource name="Network_12netsFS_Times_Digits_18x18_8pt_180-10_v1L" type="BinaryStream" filename="Network_12netsFS_Times_Digits_18x18_8pt_180-10_v1L.bin" />
<resource name="Network_12netsFS_Times_SmallAlphabet_18x18_8pt_468-26_v1L" type="BinaryStream" filename="Network_12netsFS_Times_SmallAlphabet_18x18_8pt_468-26_v1L.bin" />
<resource name="Network_12netsFS_Times_SpecSymbols_18x18_8pt_414-23_v1L" type="BinaryStream" filename="Network_12netsFS_Times_SpecSymbols_18x18_8pt_414-23_v1L.bin" />
<resource name="EngStandarts8pt" type="BinaryStream" filename="EngStandarts8pt.bin" />
</resourcecollection>